mfcc_mean_1,mfcc_std_1,mfcc_mean_2,mfcc_std_2,mfcc_mean_3,mfcc_std_3,mfcc_mean_4,mfcc_std_4,mfcc_mean_5,mfcc_std_5,mfcc_mean_6,mfcc_std_6,mfcc_mean_7,mfcc_std_7,mfcc_mean_8,mfcc_std_8,mfcc_mean_9,mfcc_std_9,mfcc_mean_10,mfcc_std_10,mfcc_mean_11,mfcc_std_11,mfcc_mean_12,mfcc_std_12,mfcc_mean_13,mfcc_std_13,chroma_mean_1,chroma_std_1,chroma_mean_2,chroma_std_2,chroma_mean_3,chroma_std_3,chroma_mean_4,chroma_std_4,chroma_mean_5,chroma_std_5,chroma_mean_6,chroma_std_6,chroma_mean_7,chroma_std_7,chroma_mean_8,chroma_std_8,chroma_mean_9,chroma_std_9,chroma_mean_10,chroma_std_10,chroma_mean_11,chroma_std_11,chroma_mean_12,chroma_std_12,spec_contrast_mean_1,spec_contrast_std_1,spec_contrast_mean_2,spec_contrast_std_2,spec_contrast_mean_3,spec_contrast_std_3,spec_contrast_mean_4,spec_contrast_std_4,spec_contrast_mean_5,spec_contrast_std_5,spec_contrast_mean_6,spec_contrast_std_6,spec_contrast_mean_7,spec_contrast_std_7,zcr_mean,zcr_std,spec_centroid_mean,spec_centroid_std,spec_rolloff_mean,spec_rolloff_std
-0.11771577339611072,0.3711917418169499,0.3639568958339946,0.7004879479199349,0.38722994221375395,0.8728082092544097,0.44024551410066504,0.3654388304553683,0.8764022647539099,0.48938068400916424,0.8275396339920467,0.18233522909965247,0.929906077323597,0.38582629077560915,0.6175844459505619,0.4182073201584613,0.6985437389198433,0.2129226789076183,0.6100814628745743,0.2588128218830917,0.826567194911775,0.47807194327137903,0.9248514374065497,0.24873087197958266,0.6347761624732936,0.17727475078747468,0.5926724084624926,0.6204700514386988,0.458272842445508,0.45427676492603136,0.5770142461143194,0.42770555388091563,0.5710466875633351,0.5135223648482379,0.7264658467425225,0.4588550398296825,0.9650484452856289,0.5864814373161955,0.6709051349453512,0.5080721639325578,1.0370731106455615,0.5435327742443805,0.824806556280206,0.5354605970134737,0.7377951493995794,0.4153227514767679,0.821920508809075,0.6525870596734731,0.7154881388132761,0.6454818113749085,-0.0369466725173086,0.20407702969384908,-0.050273459874136284,0.1448060023125487,-0.038989365501385875,0.3590266178084891,0.5106636707300078,0.49678358543880274,0.034085603068164105,0.15801681359402733,0.1622351103047981,0.25892047785049693,-0.09377723001973126,0.29853912660655946,0.23410551828193082,0.17649503248801113,0.8791760014136987,0.7129890598853146,0.862215554137129,1.0606867688313402
