mfcc_mean_1,mfcc_std_1,mfcc_mean_2,mfcc_std_2,mfcc_mean_3,mfcc_std_3,mfcc_mean_4,mfcc_std_4,mfcc_mean_5,mfcc_std_5,mfcc_mean_6,mfcc_std_6,mfcc_mean_7,mfcc_std_7,mfcc_mean_8,mfcc_std_8,mfcc_mean_9,mfcc_std_9,mfcc_mean_10,mfcc_std_10,mfcc_mean_11,mfcc_std_11,mfcc_mean_12,mfcc_std_12,mfcc_mean_13,mfcc_std_13,chroma_mean_1,chroma_std_1,chroma_mean_2,chroma_std_2,chroma_mean_3,chroma_std_3,chroma_mean_4,chroma_std_4,chroma_mean_5,chroma_std_5,chroma_mean_6,chroma_std_6,chroma_mean_7,chroma_std_7,chroma_mean_8,chroma_std_8,chroma_mean_9,chroma_std_9,chroma_mean_10,chroma_std_10,chroma_mean_11,chroma_std_11,chroma_mean_12,chroma_std_12,spec_contrast_mean_1,spec_contrast_std_1,spec_contrast_mean_2,spec_contrast_std_2,spec_contrast_mean_3,spec_contrast_std_3,spec_contrast_mean_4,spec_contrast_std_4,spec_contrast_mean_5,spec_contrast_std_5,spec_contrast_mean_6,spec_contrast_std_6,spec_contrast_mean_7,spec_contrast_std_7,zcr_mean,zcr_std,spec_centroid_mean,spec_centroid_std,spec_rolloff_mean,spec_rolloff_std
0.18270346872706766,0.47128037518689847,0.7711791887763775,0.9180000836569908,0.8664361166244083,0.46049980133923696,0.6936359207341762,0.2859626768197119,1.05115158432557,0.41481210670951285,0.8404007306032362,0.20284728925384635,0.6531206282291891,0.26720745313200367,0.5826191602333161,0.30585643343824576,0.7941168106108738,0.10740739538999483,0.7348055110309976,0.17416789598678428,0.8261076400897859,0.1263869624352803,0.6520098684105597,0.1861301679013726,0.5167051686951604,0.19214903715873194,0.6578546953419816,0.6865076526095764,0.48070039477255094,0.4421559512887044,0.5514786754971032,0.44929988050427977,0.6899678345577896,0.7572714965197251,0.6596046853255271,0.5187165432377725,0.5601400027775341,0.5421643784968526,0.39880602880723776,0.6061819770934955,0.5665229475387514,0.5709523185366789,0.47420244229667813,0.7045014573571058,0.5612054282193744,0.7545226218764871,0.7455609603993513,0.7418997611590974,0.7194474610875679,0.6996389114711733,0.4452326076925672,0.3112303784472362,0.1417839761422589,0.15021456056890425,0.09465335653176266,0.1133329008295012,0.19770137038375957,0.1871762824618053,0.14813603661763108,0.10322492194636215,0.20420025953032295,0.19829230110288998,-0.06303499427818504,0.27931078429323547,-0.0003899155944680627,0.11728191511490643,0.28013720425937993,0.5729290568717788,0.3546015368935759,0.8933396779600922
