{"data_min_": [-645.6183, 19.235159, -58.37092, 13.352061, -137.67279, 5.537771, -64.97598, 9.552679, -56.228855, 7.1944413, -66.84756, 7.094637, -46.40884, 5.7992086, -52.920937, 4.8903728, -61.739613, 6.8254232, -31.45994, 5.1083245, -41.78205, 4.059325, -33.732468, 3.1912465, -31.230154, 3.6954446, 0.036070287, 0.05285817, 0.027938187, 0.11285526, 0.044616435, 0.111771144, 0.032708626, 0.07223794, 0.045868654, 0.096199624, 0.051779654, 0.0794356, 0.039938033, 0.11708949, 0.042874273, 0.090032786, 0.027158566, 0.046617255, 0.060524978, 0.13549894, 0.035223637, 0.051588956, 0.007529022, 0.01183085, 10.68467102917664, 2.6600018368562277, 10.03532164192704, 2.8375195372713766, 13.295206703993555, 3.212067000492916, 14.603011938157454, 2.8308217260957287, 15.75635178556395, 2.430848552146935, 16.067391774600424, 2.1938411273914475, 25.476168532431327, 2.5708011221077016, 0.0349780368433852, 0.0054196646791031, 539.2627446001235, 77.56126365948171, 687.5543379134241, 124.59677977330696], "data_max_": [-10.822224, 224.46997, 199.50832, 91.83535, 44.11183, 80.6794, 48.824436, 53.560375, 25.479921, 48.98482, 25.503473, 51.214405, 14.452495, 40.30577, 24.277393, 31.752989, 18.227633, 37.370956, 19.317734, 29.84528, 9.322479, 26.365463, 12.053443, 30.282026, 20.256344, 29.588095, 0.6119555, 0.43895036, 0.6875729, 0.44214144, 0.61138827, 0.44136792, 0.6770611, 0.4374844, 0.6202425, 0.45247978, 0.6350183, 0.45798182, 0.86916316, 0.43126416, 0.57368743, 0.44863394, 0.7463735, 0.4558689, 0.7125991, 0.4630721, 0.57642585, 0.43944222, 0.6128907, 0.45072106, 35.18364008265563, 13.329692825790264, 36.55170245960567, 12.544517196259296, 36.912876439432296, 12.201571963085325, 32.696959337482944, 13.125543302785932, 35.26145440670375, 13.826320017191234, 40.46064421846263, 13.932437200671565, 62.07466282086935, 18.581299481390392, 0.3633844239792956, 0.3018210980069629, 5020.885328902959, 3100.1244065360384, 8533.215067482584, 4324.686889670322], "data_range_": [634.796076, 205.23481099999998, 257.87924, 78.483289, 181.78462, 75.141629, 113.80041600000001, 44.007696, 81.708776, 41.7903787, 92.351033, 44.119768, 60.861335, 34.5065614, 77.19833, 26.862616199999998, 79.967246, 30.5455328, 50.777674000000005, 24.7369555, 51.104529, 22.306137999999997, 45.785911, 27.090779499999996, 51.486498, 25.8926504, 0.575885213, 0.38609219, 0.6596347130000001, 0.32928618, 0.566771835, 0.32959677600000004, 0.644352474, 0.36524646, 0.5743738460000001, 0.356280156, 0.5832386460000001, 0.37854622, 0.8292251270000001, 0.31417467, 0.530813157, 0.35860115400000003, 0.719214934, 0.409251645, 0.652074122, 0.32757316, 0.541202213, 0.387853264, 0.605361678, 0.43889021, 24.498969053478987, 10.669690988934036, 26.51638081767863, 9.70699765898792, 23.61766973543874, 8.98950496259241, 18.09394739932549, 10.294721576690204, 19.505102621139798, 11.395471465044299, 24.39325244386221, 11.738596073280117, 36.59849428843802, 16.01049835928269, 0.3284063871359104, 0.2964014333278598, 4481.622584302836, 3022.5631428765564, 7845.66072956916, 4200.090109897014], "scale_": [0.0015753090446009627, 0.004872467760841995, 0.003877784035659482, 0.012741565914751611, 0.005501015432438674, 0.013308202301549785, 0.008787314099097844, 0.02272329821583934, 0.012238587443777153, 0.02392895281420362, 0.010828249208647184, 0.022665577026606303, 0.016430793047835707, 0.028979995671200083, 0.01295364809057398, 0.037226455999471865, 0.012505119908718627, 0.032738011366428024, 0.019693694516215925, 0.04042534660338456, 0.019567737333025807, 0.044830709825250795, 0.02184077979796012, 0.03691292825295042, 0.019422567835163308, 0.03862099802652879, 1.7364571574787075, 2.5900549814281404, 1.5159905630982156, 3.0368720606494937, 1.764378429284511, 3.0340102598576384, 1.5519456203717472, 2.7378773226166246, 1.741026348891241, 2.8067799543682694, 1.7145640242776365, 2.6416853403000564, 1.205945125683583, 3.1829427878447363, 1.8839020600990868, 2.7886134465702246, 1.390404943955182, 2.443484374998664, 1.5335679890698068, 3.052753162072253, 1.8477381946699467, 2.578294661457329, 1.6519050285835901, 2.2784741541626095, 0.04081804413145273, 0.09372342657694023, 0.03771253727557322, 0.10301846514551061, 0.04234117976929291, 0.1112408307422101, 0.05526709998268693, 0.09713715835348548, 0.05126863567055481, 0.08775415769917973, 0.04099494326561681, 0.08518906296437287, 0.02732352845225969, 0.06245901767450058, 3.0450077683359784, 3.3738028482941433, 0.00022313347034231813, 0.0003308450320903158, 0.00012745899095931395, 0.00023809012993402656], "min_": [1.0170483473498977, -0.09372269210216976, 0.22634982172275675, -0.17012616532928432, 0.7573401424168887, -0.07369777676765565, 0.5709643451566996, -0.2170683736771859, 0.6881617587809662, -0.17215544639225777, 0.7238420386699952, -0.16080404139931107, 0.7625340456301196, -0.1680610401243863, 0.685519194521436, -0.182051247860214, 0.7720612636828833, -0.22345078230228155, 0.619562447858482, -0.20650578847506113, 0.8175801796353509, -0.1819824211613862, 0.7367434056297362, -0.11779825309197915, 0.6065697845675967, -0.14272175860374647, -0.06263450803346117, -0.1369055665176755, -0.04235402784207325, -0.3427269859913344, -0.07872027550557449, -0.3391147976520255, -0.05076200886907746, -0.1977786177585404, -0.07985853520217562, -0.27001117626096466, -0.08877953193794362, -0.20984386001793914, -0.04816307622574008, -0.3726891477279184, -0.08077093122995065, -0.25106663767177945, -0.037761404437133106, -0.11390853419782834, -0.0928191687999543, -0.41364481754243854, -0.06508405944008955, -0.13301152984495704, -0.012437229302116479, -0.02695628594677471, -0.4361273735989865, -0.2493044868511208, -0.3784574414935401, -0.2923169075500967, -0.5629347371236993, -0.357313001534471, -0.8070661208345189, -0.2749779782782479, -0.807806659191174, -0.21331706718792484, -0.6586818142261825, -0.1868912699351808, -0.6960988157504504, -0.16056971272335085, -0.10650839390925, -0.018284880131157203, -0.12032756762894874, -0.02566075876438667, -0.08763498214014422, -0.029665263485587946]}